[
{
  "model": "account.address",
  "pk": 1,
  "fields": {
    "city": "Warszawa",
    "street": "Miodowa",
    "street_number": "2",
    "postal_code": "11-111"
  }
},
{
  "model": "account.address",
  "pk": 2,
  "fields": {
    "city": "Warszawa",
    "street": "Wolska",
    "street_number": "1/4",
    "postal_code": "22-222"
  }
},
{
  "model": "account.address",
  "pk": 3,
  "fields": {
    "city": "Warszawa",
    "street": "Wolska",
    "street_number": "1c",
    "postal_code": "22-222"
  }
},
{
  "model": "account.address",
  "pk": 4,
  "fields": {
    "city": "Warszawa",
    "street": "Wolska",
    "street_number": "1",
    "postal_code": "22-222"
  }
},
{
  "model": "account.address",
  "pk": 5,
  "fields": {
    "city": "Warszawa",
    "street": "Wolska",
    "street_number": "1",
    "postal_code": "22-222"
  }
},
{
  "model": "account.address",
  "pk": 6,
  "fields": {
    "city": "Warszawa",
    "street": "Wolska",
    "street_number": "1",
    "postal_code": "22-222"
  }
},
{
  "model": "account.address",
  "pk": 7,
  "fields": {
    "city": "Warszawa",
    "street": "Wolska",
    "street_number": "1",
    "postal_code": "22-222"
  }
},
{
  "model": "account.address",
  "pk": 8,
  "fields": {
    "city": "Warszawa",
    "street": "Wolska",
    "street_number": "1",
    "postal_code": "22-222"
  }
},
{
  "model": "account.address",
  "pk": 9,
  "fields": {
    "city": "Warszawa",
    "street": "Miodowa",
    "street_number": "334a/11",
    "postal_code": "02-997"
  }
},
{
  "model": "account.address",
  "pk": 10,
  "fields": {
    "city": "Warszawa",
    "street": "Polna",
    "street_number": "9/11",
    "postal_code": "02-996"
  }
},
{
  "model": "account.address",
  "pk": 11,
  "fields": {
    "city": "Pozna\u0144",
    "street": "Grundwaldzka",
    "street_number": "2",
    "postal_code": "01-996"
  }
},
{
  "model": "account.address",
  "pk": 12,
  "fields": {
    "city": "Warszawa",
    "street": "Emilii Plater",
    "street_number": "53",
    "postal_code": "00-113"
  }
},
{
  "model": "account.address",
  "pk": 13,
  "fields": {
    "city": "Pozna\u0144",
    "street": "Jana Paw\u0142a",
    "street_number": "2",
    "postal_code": "02-371"
  }
},
{
  "model": "account.address",
  "pk": 14,
  "fields": {
    "city": "Gdynia",
    "street": "Wiejska",
    "street_number": "25",
    "postal_code": "03-371"
  }
},
{
  "model": "account.address",
  "pk": 15,
  "fields": {
    "city": "Warszawa",
    "street": "Al. Jerzego Waszyngtona",
    "street_number": "420",
    "postal_code": "02-377"
  }
},
{
  "model": "account.address",
  "pk": 16,
  "fields": {
    "city": "Warszawa",
    "street": "Wo\u0142oska",
    "street_number": "9",
    "postal_code": "02-371"
  }
},
{
  "model": "auth.group",
  "pk": 1,
  "fields": {
    "name": "staff_verification",
    "permissions": []
  }
},
{
  "model": "auth.group",
  "pk": 2,
  "fields": {
    "name": "staff_cv",
    "permissions": []
  }
},
{
  "model": "auth.group",
  "pk": 3,
  "fields": {
    "name": "staff_jobs",
    "permissions": []
  }
},
{
  "model": "auth.group",
  "pk": 4,
  "fields": {
    "name": "staff_blog_creator",
    "permissions": []
  }
},
{
  "model": "auth.group",
  "pk": 5,
  "fields": {
    "name": "staff_blog_moderator",
    "permissions": []
  }
},
{
  "model": "auth.group",
  "pk": 6,
  "fields": {
    "name": "staff_chat_access",
    "permissions": []
  }
},
{
  "model": "auth.group",
  "pk": 7,
  "fields": {
    "name": "staff_guest",
    "permissions": []
  }
},
{
  "model": "account.account",
  "pk": "02cf43c6-7e60-4c55-b41e-303adf193980",
  "fields": {
    "password": "pbkdf2_sha256$150000$ZNmA9PRjt3NP$/ACBRtn3+hThDU4/xviStLxxAv0VFGr4/51L3rgYyDk=",
    "email": "standard7@standard7.com",
    "username": "standard7",
    "first_name": "standard7",
    "last_name": "standard7",
    "date_joined": "2020-04-26T20:13:46.397Z",
    "last_login": "2020-04-26T20:13:46.397Z",
    "profile_picture": "",
    "is_active": true,
    "is_admin": false,
    "is_staff": false,
    "is_superuser": false,
    "status": 2,
    "type": 1,
    "groups": [],
    "user_permissions": []
  }
},
{
  "model": "account.account",
  "pk": "03c92316-45e5-4ca2-b309-b028609c295b",
  "fields": {
    "password": "pbkdf2_sha256$150000$wYoykOilwmty$1lP+egWDQlmPEL8aPUcActHyqjg04DW4U3nOlyBv4Cw=",
    "email": "staff4@staff4.com",
    "username": "staff4",
    "first_name": "staff4",
    "last_name": "staff4",
    "date_joined": "2020-04-04T11:08:06.925Z",
    "last_login": "2020-04-26T20:09:51.576Z",
    "profile_picture": "",
    "is_active": true,
    "is_admin": false,
    "is_staff": false,
    "is_superuser": false,
    "status": 1,
    "type": 2,
    "groups": [
      4
    ],
    "user_permissions": []
  }
},
{
  "model": "account.account",
  "pk": "04c114a7-794c-4bc8-b3c4-0704b8e35933",
  "fields": {
    "password": "pbkdf2_sha256$150000$uKCukXE8pfYQ$vqsUlVrWmGWw+H4NVMs1KoGRcZaPOiAifd2xIuEuKaw=",
    "email": "standard4@standard4.com",
    "username": "standard4",
    "first_name": "standard4",
    "last_name": "standard4",
    "date_joined": "2020-04-04T11:16:57.880Z",
    "last_login": "2020-04-26T20:09:51.585Z",
    "profile_picture": "",
    "is_active": true,
    "is_admin": false,
    "is_staff": false,
    "is_superuser": false,
    "status": 2,
    "type": 1,
    "groups": [],
    "user_permissions": []
  }
},
{
  "model": "account.account",
  "pk": "110d18d2-acbd-4ab6-b876-cae8e7e0c554",
  "fields": {
    "password": "pbkdf2_sha256$150000$4Zpc83V0gss7$OKto8cbyyYn8FnZzdvn9xhb9ARPpTU1iToI9W49zWYA=",
    "email": "employer2@employer2.com",
    "username": "employer2",
    "first_name": "employer2",
    "last_name": "employer2",
    "date_joined": "2020-04-04T11:22:28.580Z",
    "last_login": "2020-04-26T20:09:51.589Z",
    "profile_picture": "",
    "is_active": true,
    "is_admin": false,
    "is_staff": false,
    "is_superuser": false,
    "status": 1,
    "type": 3,
    "groups": [],
    "user_permissions": []
  }
},
{
  "model": "account.account",
  "pk": "146e830b-4334-46e1-a693-0afc10ef7a24",
  "fields": {
    "password": "pbkdf2_sha256$150000$TrH6n3Tf1xMX$R5BruijiN6Ynk5bXVolpso/KcdPjghRrK4nE3faxwyo=",
    "email": "staff1@staff1.com",
    "username": "staff1",
    "first_name": "staff1",
    "last_name": "staff1",
    "date_joined": "2020-04-04T11:04:26.287Z",
    "last_login": "2020-05-25T14:56:28.850Z",
    "profile_picture": "",
    "is_active": true,
    "is_admin": false,
    "is_staff": false,
    "is_superuser": false,
    "status": 1,
    "type": 2,
    "groups": [
      1
    ],
    "user_permissions": []
  }
},
{
  "model": "account.account",
  "pk": "21c76b96-9ca3-46c1-b373-139e3b9d9632",
  "fields": {
    "password": "pbkdf2_sha256$150000$5MLieOgWwUTb$QfsecaZZdiGKYp+qc4Uc3qqubwjDGPSL5wWN7bHxh/g=",
    "email": "staff6@staff6.com",
    "username": "staff6",
    "first_name": "staff6",
    "last_name": "staff",
    "date_joined": "2020-05-25T14:57:21.077Z",
    "last_login": "2020-05-25T14:57:21.374Z",
    "profile_picture": "",
    "is_active": true,
    "is_admin": false,
    "is_staff": false,
    "is_superuser": false,
    "status": 1,
    "type": 2,
    "groups": [
      6
    ],
    "user_permissions": []
  }
},
{
  "model": "account.account",
  "pk": "32b48ba4-0215-4944-81e9-1712da9f09b8",
  "fields": {
    "password": "pbkdf2_sha256$150000$ys6KQ1q0hR6Q$556al1dJoW75SsoEMUVfLA4T9+fi3yD2LbmGd4z+Nv0=",
    "email": "staffsuper@staffsuper.com",
    "username": "staff_super",
    "first_name": "staff_super",
    "last_name": "staff_super",
    "date_joined": "2020-04-26T20:16:47.806Z",
    "last_login": "2020-05-24T13:34:04.703Z",
    "profile_picture": "",
    "is_active": true,
    "is_admin": false,
    "is_staff": false,
    "is_superuser": false,
    "status": 1,
    "type": 2,
    "groups": [
      1,
      2,
      3,
      4,
      5
    ],
    "user_permissions": []
  }
},
{
  "model": "account.account",
  "pk": "36424e16-1b59-4fc3-87b5-c0207c5e8a10",
  "fields": {
    "password": "pbkdf2_sha256$150000$AQY1FxjuSn5I$3hlzOzHvsxPV6IOguOjezDz/hfCkplH/EN55J4GBz78=",
    "email": "staff2@staff2.com",
    "username": "staff2",
    "first_name": "staff2",
    "last_name": "staff2",
    "date_joined": "2020-04-04T11:04:33.398Z",
    "last_login": "2020-04-26T20:09:51.596Z",
    "profile_picture": "",
    "is_active": true,
    "is_admin": false,
    "is_staff": false,
    "is_superuser": false,
    "status": 1,
    "type": 2,
    "groups": [
      2
    ],
    "user_permissions": []
  }
},
{
  "model": "account.account",
  "pk": "386ec47f-b261-41dd-95c7-b5d9f8fe7cd6",
  "fields": {
    "password": "pbkdf2_sha256$150000$5OEFKgwRoiO0$QkRl8V0ThsfJYocQZOD+PhmtyXLTepotxaMBnuPY9RI=",
    "email": "standard3@standard3.com",
    "username": "standard3",
    "first_name": "standard3",
    "last_name": "standard3",
    "date_joined": "2020-04-04T11:14:46.169Z",
    "last_login": "2020-04-26T20:09:51.601Z",
    "profile_picture": "",
    "is_active": true,
    "is_admin": false,
    "is_staff": false,
    "is_superuser": false,
    "status": 3,
    "type": 1,
    "groups": [],
    "user_permissions": []
  }
},
{
  "model": "account.account",
  "pk": "51b91011-6707-4218-8441-d1da38aaed0b",
  "fields": {
    "password": "pbkdf2_sha256$150000$1IDoObFI1jJ6$GmNNxiDf16Qv1fdwe4elDtGEWc2XABhGnJtI6Hd7pRs=",
    "email": "standard6@standard6.com",
    "username": "standard6",
    "first_name": "standard6",
    "last_name": "standard6",
    "date_joined": "2020-04-26T20:13:09.111Z",
    "last_login": "2020-04-26T20:13:09.111Z",
    "profile_picture": "",
    "is_active": true,
    "is_admin": false,
    "is_staff": false,
    "is_superuser": false,
    "status": 2,
    "type": 1,
    "groups": [],
    "user_permissions": []
  }
},
{
  "model": "account.account",
  "pk": "5bd8034d-21b7-46ff-b293-d67de1ff9d65",
  "fields": {
    "password": "pbkdf2_sha256$150000$8LjqVDIhPywQ$9r/KZ7eDsguND03HaHPBKJNwBNQ5tJRBwgoBQEZl5pI=",
    "email": "standard8@standard8.com",
    "username": "standard8",
    "first_name": "standard8",
    "last_name": "standard8",
    "date_joined": "2020-04-26T20:14:27.880Z",
    "last_login": "2020-04-26T20:14:27.880Z",
    "profile_picture": "",
    "is_active": true,
    "is_admin": false,
    "is_staff": false,
    "is_superuser": false,
    "status": 2,
    "type": 1,
    "groups": [],
    "user_permissions": []
  }
},
{
  "model": "account.account",
  "pk": "6d09179f-016a-446d-92c4-1e62970c0b31",
  "fields": {
    "password": "pbkdf2_sha256$150000$iGyiJQAmitk9$ASQItcEG2OruCA37PKCXhYUdlbjPv44V8xPxVzFsZ/M=",
    "email": "employer2@employer3.com",
    "username": "employer3",
    "first_name": "employer3",
    "last_name": "employer3",
    "date_joined": "2020-04-04T11:23:53.146Z",
    "last_login": "2020-04-26T20:09:51.604Z",
    "profile_picture": "",
    "is_active": true,
    "is_admin": false,
    "is_staff": false,
    "is_superuser": false,
    "status": 2,
    "type": 3,
    "groups": [],
    "user_permissions": []
  }
},
{
  "model": "account.account",
  "pk": "7bed0cc6-4c95-4b00-9f65-1886c6775d16",
  "fields": {
    "password": "pbkdf2_sha256$150000$LU1f1lW59nh2$X0H2RjM0ytMuh24xSv/TL/INBTFCzK45yAPY6p9ErPU=",
    "email": "employer4@employer4.com",
    "username": "employer4",
    "first_name": "employer4",
    "last_name": "employer4",
    "date_joined": "2020-04-26T20:19:38.297Z",
    "last_login": "2020-04-26T20:19:38.297Z",
    "profile_picture": "",
    "is_active": true,
    "is_admin": false,
    "is_staff": false,
    "is_superuser": false,
    "status": 2,
    "type": 3,
    "groups": [],
    "user_permissions": []
  }
},
{
  "model": "account.account",
  "pk": "8b58d6b2-51d1-4fb7-9c36-7bfc5f46f75d",
  "fields": {
    "password": "pbkdf2_sha256$150000$BWYVwSyYINaE$pG/EWCE7IhkuNBRPzBg7olbecOGPZbx6Qg1z3Kzlejs=",
    "email": "standard2@standard2.com",
    "username": "standard2",
    "first_name": "standard2",
    "last_name": "standard2",
    "date_joined": "2020-04-04T11:04:18.233Z",
    "last_login": "2020-04-26T20:09:51.608Z",
    "profile_picture": "",
    "is_active": true,
    "is_admin": false,
    "is_staff": false,
    "is_superuser": false,
    "status": 1,
    "type": 1,
    "groups": [],
    "user_permissions": []
  }
},
{
  "model": "account.account",
  "pk": "8d3830f4-0415-405d-90b8-78754193ebeb",
  "fields": {
    "password": "pbkdf2_sha256$150000$8XaZCjmSfiYK$vv1edNxbsg8XdbxW4t5Pmb2YbKe954AdfwbxCb32nhg=",
    "email": "staff5@staff5.com",
    "username": "staff5",
    "first_name": "staff5",
    "last_name": "staff5",
    "date_joined": "2020-04-04T11:08:42.279Z",
    "last_login": "2020-04-26T20:09:51.610Z",
    "profile_picture": "",
    "is_active": true,
    "is_admin": false,
    "is_staff": false,
    "is_superuser": false,
    "status": 1,
    "type": 2,
    "groups": [
      5
    ],
    "user_permissions": []
  }
},
{
  "model": "account.account",
  "pk": "96b7ea64-abc0-42b7-9844-69b30cb4ae37",
  "fields": {
    "password": "pbkdf2_sha256$150000$S3TjMn7eJm7V$sltBwhXrdMnzWejncNWoHaKgKLnapV7ASEY1eDqa6bc=",
    "email": "employer5@employer5.com",
    "username": "employer5",
    "first_name": "employer5",
    "last_name": "employer5",
    "date_joined": "2020-04-26T20:20:47.159Z",
    "last_login": "2020-04-26T20:20:47.159Z",
    "profile_picture": "",
    "is_active": true,
    "is_admin": false,
    "is_staff": false,
    "is_superuser": false,
    "status": 2,
    "type": 3,
    "groups": [],
    "user_permissions": []
  }
},
{
  "model": "account.account",
  "pk": "b582b042-d6d8-4e57-9447-564a6748b4f7",
  "fields": {
    "password": "pbkdf2_sha256$150000$SycmLRIEv3k2$XQX+U5K7bfF9EHZ0c5KK3/+xj5Y4xjXIlyDsfIrhTCU=",
    "email": "standard1@standard1.com",
    "username": "standard1",
    "first_name": "standard1",
    "last_name": "standard1",
    "date_joined": "2020-04-04T11:04:09.640Z",
    "last_login": "2020-04-26T20:09:51.615Z",
    "profile_picture": "",
    "is_active": true,
    "is_admin": false,
    "is_staff": false,
    "is_superuser": false,
    "status": 1,
    "type": 1,
    "groups": [],
    "user_permissions": []
  }
},
{
  "model": "account.account",
  "pk": "c5ac4f78-7972-4de3-88e7-76bb3515de92",
  "fields": {
    "password": "pbkdf2_sha256$150000$Ly1qz3aZ6w1e$JeEERKFHaKAtsLL0kv8yNtPwOmtx93srXon2xgxqq5s=",
    "email": "staff3@staff3.com",
    "username": "staff3",
    "first_name": "staff3",
    "last_name": "staff3",
    "date_joined": "2020-04-04T11:04:36.666Z",
    "last_login": "2020-04-26T20:09:51.618Z",
    "profile_picture": "",
    "is_active": true,
    "is_admin": false,
    "is_staff": false,
    "is_superuser": false,
    "status": 1,
    "type": 2,
    "groups": [
      3
    ],
    "user_permissions": []
  }
},
{
  "model": "account.account",
  "pk": "e436732b-3e30-4f64-94d2-16751421f9c9",
  "fields": {
    "password": "pbkdf2_sha256$150000$LHnzkwIOvc3q$mr8+gYcsmC4SClMVZFpgrUkCsj599dxPQd5mrzranJk=",
    "email": "staff7@staff7.com",
    "username": "staff7",
    "first_name": "staff7",
    "last_name": "staff7",
    "date_joined": "2020-05-25T14:56:52.586Z",
    "last_login": "2020-05-25T14:56:52.895Z",
    "profile_picture": "",
    "is_active": true,
    "is_admin": false,
    "is_staff": false,
    "is_superuser": false,
    "status": 1,
    "type": 2,
    "groups": [
      6,
      1
    ],
    "user_permissions": []
  }
},
{
  "model": "account.account",
  "pk": "6c8a3be6-3f4b-4390-949a-2e7b68efe85c",
  "fields": {
    "password": "pbkdf2_sha256$150000$YBVxbgVXckBE$GUBAgjdyk9kii+lCZQ8kZp5fOIX3/heiYglTpKh1SZY=",
    "email": "staff8@staff8.com",
    "username": "staff8",
    "first_name": "staff8",
    "last_name": "staff8",
    "date_joined": "2020-05-25T19:47:00.081Z",
    "last_login": "2020-05-25T19:47:00.407Z",
    "profile_picture": "",
    "is_active": true,
    "is_admin": false,
    "is_staff": false,
    "is_superuser": false,
    "status": 1,
    "type": 2,
    "groups": [
      7
    ],
    "user_permissions": []
  }
},
{
  "model": "account.account",
  "pk": "f3939bf9-dfd8-4cd5-8d38-bd848119dd1f",
  "fields": {
    "password": "pbkdf2_sha256$150000$oi2ixWhPMgcH$jSykf7I6owoLbGJfAgojWhlYFl0gpAcIxRHquwZ6apY=",
    "email": "standard5@standard5.com",
    "username": "standard5",
    "first_name": "standard5",
    "last_name": "standard5",
    "date_joined": "2020-04-04T11:17:19.957Z",
    "last_login": "2020-04-26T20:09:51.623Z",
    "profile_picture": "",
    "is_active": true,
    "is_admin": false,
    "is_staff": false,
    "is_superuser": false,
    "status": 2,
    "type": 1,
    "groups": [],
    "user_permissions": []
  }
},
{
  "model": "account.account",
  "pk": "fe2c0fca-91a1-437d-846e-7fa6fe6e87ed",
  "fields": {
    "password": "pbkdf2_sha256$150000$C1oFo0zPjUJS$zRYKJ+mavfqa3VEssjLsKmLE2FDWFzsk93npK6TM5PM=",
    "email": "employer1@employer1.com",
    "username": "employer1",
    "first_name": "employer1",
    "last_name": "employer1",
    "date_joined": "2020-04-04T11:21:19.023Z",
    "last_login": "2020-05-24T13:44:53.870Z",
    "profile_picture": "",
    "is_active": true,
    "is_admin": false,
    "is_staff": false,
    "is_superuser": false,
    "status": 1,
    "type": 3,
    "groups": [],
    "user_permissions": []
  }
},
{
  "model": "account.defaultaccount",
  "pk": 1,
  "fields": {
    "user": "b582b042-d6d8-4e57-9447-564a6748b4f7",
    "phone_number": "+48123456789",
    "facility_name": "standard1",
    "facility_address": 1
  }
},
{
  "model": "account.defaultaccount",
  "pk": 2,
  "fields": {
    "user": "8b58d6b2-51d1-4fb7-9c36-7bfc5f46f75d",
    "phone_number": "+48123456788",
    "facility_name": "standard2",
    "facility_address": 2
  }
},
{
  "model": "account.defaultaccount",
  "pk": 3,
  "fields": {
    "user": "386ec47f-b261-41dd-95c7-b5d9f8fe7cd6",
    "phone_number": "+48123336788",
    "facility_name": "standard3",
    "facility_address": 3
  }
},
{
  "model": "account.defaultaccount",
  "pk": 4,
  "fields": {
    "user": "04c114a7-794c-4bc8-b3c4-0704b8e35933",
    "phone_number": "+48223336788",
    "facility_name": "standard4",
    "facility_address": 4
  }
},
{
  "model": "account.defaultaccount",
  "pk": 5,
  "fields": {
    "user": "f3939bf9-dfd8-4cd5-8d38-bd848119dd1f",
    "phone_number": "+48223336555",
    "facility_name": "standard5",
    "facility_address": 5
  }
},
{
  "model": "account.defaultaccount",
  "pk": 6,
  "fields": {
    "user": "51b91011-6707-4218-8441-d1da38aaed0b",
    "phone_number": "+48123556789",
    "facility_name": "standard6",
    "facility_address": 9
  }
},
{
  "model": "account.defaultaccount",
  "pk": 7,
  "fields": {
    "user": "02cf43c6-7e60-4c55-b41e-303adf193980",
    "phone_number": "+48173556789",
    "facility_name": "standard7",
    "facility_address": 10
  }
},
{
  "model": "account.defaultaccount",
  "pk": 8,
  "fields": {
    "user": "5bd8034d-21b7-46ff-b293-d67de1ff9d65",
    "phone_number": "+48173556889",
    "facility_name": "standard8",
    "facility_address": 11
  }
},
{
  "model": "account.employeraccount",
  "pk": 1,
  "fields": {
    "user": "fe2c0fca-91a1-437d-846e-7fa6fe6e87ed",
    "phone_number": "+48122226787",
    "company_name": "employer1",
    "company_address": 6,
    "nip": "7251801126"
  }
},
{
  "model": "account.employeraccount",
  "pk": 2,
  "fields": {
    "user": "110d18d2-acbd-4ab6-b876-cae8e7e0c554",
    "phone_number": "+48122226227",
    "company_name": "employer2",
    "company_address": 7,
    "nip": "5842751979"
  }
},
{
  "model": "account.employeraccount",
  "pk": 3,
  "fields": {
    "user": "6d09179f-016a-446d-92c4-1e62970c0b31",
    "phone_number": "+48122226233",
    "company_name": "employer3",
    "company_address": 8,
    "nip": "8512624854"
  }
},
{
  "model": "account.employeraccount",
  "pk": 4,
  "fields": {
    "user": "7bed0cc6-4c95-4b00-9f65-1886c6775d16",
    "phone_number": "+48127223233",
    "company_name": "employer4",
    "company_address": 12,
    "nip": "1123862018"
  }
},
{
  "model": "account.employeraccount",
  "pk": 5,
  "fields": {
    "user": "96b7ea64-abc0-42b7-9844-69b30cb4ae37",
    "phone_number": "+48127253233",
    "company_name": "employer5",
    "company_address": 13,
    "nip": "8233582855"
  }
},
{
  "model": "account.staffaccount",
  "pk": 1,
  "fields": {
    "user": "146e830b-4334-46e1-a693-0afc10ef7a24",
    "role": null
  }
},
{
  "model": "account.staffaccount",
  "pk": 2,
  "fields": {
    "user": "36424e16-1b59-4fc3-87b5-c0207c5e8a10",
    "role": null
  }
},
{
  "model": "account.staffaccount",
  "pk": 3,
  "fields": {
    "user": "c5ac4f78-7972-4de3-88e7-76bb3515de92",
    "role": null
  }
},
{
  "model": "account.staffaccount",
  "pk": 4,
  "fields": {
    "user": "03c92316-45e5-4ca2-b309-b028609c295b",
    "role": null
  }
},
{
  "model": "account.staffaccount",
  "pk": 5,
  "fields": {
    "user": "8d3830f4-0415-405d-90b8-78754193ebeb",
    "role": null
  }
},
{
  "model": "account.staffaccount",
  "pk": 6,
  "fields": {
    "user": "32b48ba4-0215-4944-81e9-1712da9f09b8",
    "role": null
  }
},
{
  "model": "account.staffaccount",
  "pk": 7,
  "fields": {
    "user": "e436732b-3e30-4f64-94d2-16751421f9c9",
    "role": "Weryfikacja u\u017cytkownik\u00f3w"
  }
},
{
  "model": "account.staffaccount",
  "pk": 8,
  "fields": {
    "user": "21c76b96-9ca3-46c1-b373-139e3b9d9632",
    "role": "Psycholog"
  }
},
{
  "model": "account.staffaccount",
  "pk": 9,
  "fields": {
    "user": "6c8a3be6-3f4b-4390-949a-2e7b68efe85c",
    "role": "Go\u015b\u0107"
  }
}
]
