[
{
  "model": "account.address",
  "pk": 1,
  "fields": {
    "city": "Warszawa",
    "street": "Miodowa",
    "street_number": "2",
    "postal_code": "11-111"
  }
},
{
  "model": "account.address",
  "pk": 2,
  "fields": {
    "city": "Warszawa",
    "street": "Wolska",
    "street_number": "1/4",
    "postal_code": "22-222"
  }
},
{
  "model": "account.address",
  "pk": 3,
  "fields": {
    "city": "Warszawa",
    "street": "Wolska",
    "street_number": "1c",
    "postal_code": "22-222"
  }
},
{
  "model": "account.address",
  "pk": 4,
  "fields": {
    "city": "Warszawa",
    "street": "Wolska",
    "street_number": "1",
    "postal_code": "22-222"
  }
},
{
  "model": "account.address",
  "pk": 5,
  "fields": {
    "city": "Warszawa",
    "street": "Wolska",
    "street_number": "1",
    "postal_code": "22-222"
  }
},
{
  "model": "account.address",
  "pk": 6,
  "fields": {
    "city": "Warszawa",
    "street": "Wolska",
    "street_number": "1",
    "postal_code": "22-222"
  }
},
{
  "model": "account.address",
  "pk": 7,
  "fields": {
    "city": "Warszawa",
    "street": "Wolska",
    "street_number": "1",
    "postal_code": "22-222"
  }
},
{
  "model": "account.address",
  "pk": 8,
  "fields": {
    "city": "Warszawa",
    "street": "Wolska",
    "street_number": "1",
    "postal_code": "22-222"
  }
},
{
  "model": "account.address",
  "pk": 9,
  "fields": {
    "city": "Warszawa",
    "street": "Miodowa",
    "street_number": "334a/11",
    "postal_code": "02-997"
  }
},
{
  "model": "account.address",
  "pk": 10,
  "fields": {
    "city": "Warszawa",
    "street": "Polna",
    "street_number": "9/11",
    "postal_code": "02-996"
  }
},
{
  "model": "account.address",
  "pk": 11,
  "fields": {
    "city": "Pozna\u0144",
    "street": "Grundwaldzka",
    "street_number": "2",
    "postal_code": "01-996"
  }
},
{
  "model": "account.address",
  "pk": 12,
  "fields": {
    "city": "Warszawa",
    "street": "Emilii Plater",
    "street_number": "53",
    "postal_code": "00-113"
  }
},
{
  "model": "account.address",
  "pk": 13,
  "fields": {
    "city": "Pozna\u0144",
    "street": "Jana Paw\u0142a",
    "street_number": "2",
    "postal_code": "02-371"
  }
},
{
  "model": "account.address",
  "pk": 14,
  "fields": {
    "city": "Gdynia",
    "street": "Wiejska",
    "street_number": "25",
    "postal_code": "03-371"
  }
},
{
  "model": "account.address",
  "pk": 15,
  "fields": {
    "city": "Warszawa",
    "street": "Al. Jerzego Waszyngtona",
    "street_number": "420",
    "postal_code": "02-377"
  }
},
{
  "model": "account.address",
  "pk": 16,
  "fields": {
    "city": "Warszawa",
    "street": "Wo\u0142oska",
    "street_number": "9",
    "postal_code": "02-371"
  }
},
{
  "model": "auth.permission",
  "pk": 1,
  "fields": {
    "name": "Can add log entry",
    "content_type": 1,
    "codename": "add_logentry"
  }
},
{
  "model": "auth.permission",
  "pk": 2,
  "fields": {
    "name": "Can change log entry",
    "content_type": 1,
    "codename": "change_logentry"
  }
},
{
  "model": "auth.permission",
  "pk": 3,
  "fields": {
    "name": "Can delete log entry",
    "content_type": 1,
    "codename": "delete_logentry"
  }
},
{
  "model": "auth.permission",
  "pk": 4,
  "fields": {
    "name": "Can view log entry",
    "content_type": 1,
    "codename": "view_logentry"
  }
},
{
  "model": "auth.permission",
  "pk": 5,
  "fields": {
    "name": "Can add permission",
    "content_type": 2,
    "codename": "add_permission"
  }
},
{
  "model": "auth.permission",
  "pk": 6,
  "fields": {
    "name": "Can change permission",
    "content_type": 2,
    "codename": "change_permission"
  }
},
{
  "model": "auth.permission",
  "pk": 7,
  "fields": {
    "name": "Can delete permission",
    "content_type": 2,
    "codename": "delete_permission"
  }
},
{
  "model": "auth.permission",
  "pk": 8,
  "fields": {
    "name": "Can view permission",
    "content_type": 2,
    "codename": "view_permission"
  }
},
{
  "model": "auth.permission",
  "pk": 9,
  "fields": {
    "name": "Can add group",
    "content_type": 3,
    "codename": "add_group"
  }
},
{
  "model": "auth.permission",
  "pk": 10,
  "fields": {
    "name": "Can change group",
    "content_type": 3,
    "codename": "change_group"
  }
},
{
  "model": "auth.permission",
  "pk": 11,
  "fields": {
    "name": "Can delete group",
    "content_type": 3,
    "codename": "delete_group"
  }
},
{
  "model": "auth.permission",
  "pk": 12,
  "fields": {
    "name": "Can view group",
    "content_type": 3,
    "codename": "view_group"
  }
},
{
  "model": "auth.permission",
  "pk": 13,
  "fields": {
    "name": "Can add content type",
    "content_type": 4,
    "codename": "add_contenttype"
  }
},
{
  "model": "auth.permission",
  "pk": 14,
  "fields": {
    "name": "Can change content type",
    "content_type": 4,
    "codename": "change_contenttype"
  }
},
{
  "model": "auth.permission",
  "pk": 15,
  "fields": {
    "name": "Can delete content type",
    "content_type": 4,
    "codename": "delete_contenttype"
  }
},
{
  "model": "auth.permission",
  "pk": 16,
  "fields": {
    "name": "Can view content type",
    "content_type": 4,
    "codename": "view_contenttype"
  }
},
{
  "model": "auth.permission",
  "pk": 17,
  "fields": {
    "name": "Can add session",
    "content_type": 5,
    "codename": "add_session"
  }
},
{
  "model": "auth.permission",
  "pk": 18,
  "fields": {
    "name": "Can change session",
    "content_type": 5,
    "codename": "change_session"
  }
},
{
  "model": "auth.permission",
  "pk": 19,
  "fields": {
    "name": "Can delete session",
    "content_type": 5,
    "codename": "delete_session"
  }
},
{
  "model": "auth.permission",
  "pk": 20,
  "fields": {
    "name": "Can view session",
    "content_type": 5,
    "codename": "view_session"
  }
},
{
  "model": "auth.permission",
  "pk": 21,
  "fields": {
    "name": "Can add django job",
    "content_type": 6,
    "codename": "add_djangojob"
  }
},
{
  "model": "auth.permission",
  "pk": 22,
  "fields": {
    "name": "Can change django job",
    "content_type": 6,
    "codename": "change_djangojob"
  }
},
{
  "model": "auth.permission",
  "pk": 23,
  "fields": {
    "name": "Can delete django job",
    "content_type": 6,
    "codename": "delete_djangojob"
  }
},
{
  "model": "auth.permission",
  "pk": 24,
  "fields": {
    "name": "Can view django job",
    "content_type": 6,
    "codename": "view_djangojob"
  }
},
{
  "model": "auth.permission",
  "pk": 25,
  "fields": {
    "name": "Can add django job execution",
    "content_type": 7,
    "codename": "add_djangojobexecution"
  }
},
{
  "model": "auth.permission",
  "pk": 26,
  "fields": {
    "name": "Can change django job execution",
    "content_type": 7,
    "codename": "change_djangojobexecution"
  }
},
{
  "model": "auth.permission",
  "pk": 27,
  "fields": {
    "name": "Can delete django job execution",
    "content_type": 7,
    "codename": "delete_djangojobexecution"
  }
},
{
  "model": "auth.permission",
  "pk": 28,
  "fields": {
    "name": "Can view django job execution",
    "content_type": 7,
    "codename": "view_djangojobexecution"
  }
},
{
  "model": "auth.permission",
  "pk": 29,
  "fields": {
    "name": "Can add Token",
    "content_type": 8,
    "codename": "add_token"
  }
},
{
  "model": "auth.permission",
  "pk": 30,
  "fields": {
    "name": "Can change Token",
    "content_type": 8,
    "codename": "change_token"
  }
},
{
  "model": "auth.permission",
  "pk": 31,
  "fields": {
    "name": "Can delete Token",
    "content_type": 8,
    "codename": "delete_token"
  }
},
{
  "model": "auth.permission",
  "pk": 32,
  "fields": {
    "name": "Can view Token",
    "content_type": 8,
    "codename": "view_token"
  }
},
{
  "model": "auth.permission",
  "pk": 33,
  "fields": {
    "name": "Can add job offer",
    "content_type": 9,
    "codename": "add_joboffer"
  }
},
{
  "model": "auth.permission",
  "pk": 34,
  "fields": {
    "name": "Can change job offer",
    "content_type": 9,
    "codename": "change_joboffer"
  }
},
{
  "model": "auth.permission",
  "pk": 35,
  "fields": {
    "name": "Can delete job offer",
    "content_type": 9,
    "codename": "delete_joboffer"
  }
},
{
  "model": "auth.permission",
  "pk": 36,
  "fields": {
    "name": "Can view job offer",
    "content_type": 9,
    "codename": "view_joboffer"
  }
},
{
  "model": "auth.permission",
  "pk": 37,
  "fields": {
    "name": "Can add job offer category",
    "content_type": 10,
    "codename": "add_joboffercategory"
  }
},
{
  "model": "auth.permission",
  "pk": 38,
  "fields": {
    "name": "Can change job offer category",
    "content_type": 10,
    "codename": "change_joboffercategory"
  }
},
{
  "model": "auth.permission",
  "pk": 39,
  "fields": {
    "name": "Can delete job offer category",
    "content_type": 10,
    "codename": "delete_joboffercategory"
  }
},
{
  "model": "auth.permission",
  "pk": 40,
  "fields": {
    "name": "Can view job offer category",
    "content_type": 10,
    "codename": "view_joboffercategory"
  }
},
{
  "model": "auth.permission",
  "pk": 41,
  "fields": {
    "name": "Can add job offer type",
    "content_type": 11,
    "codename": "add_joboffertype"
  }
},
{
  "model": "auth.permission",
  "pk": 42,
  "fields": {
    "name": "Can change job offer type",
    "content_type": 11,
    "codename": "change_joboffertype"
  }
},
{
  "model": "auth.permission",
  "pk": 43,
  "fields": {
    "name": "Can delete job offer type",
    "content_type": 11,
    "codename": "delete_joboffertype"
  }
},
{
  "model": "auth.permission",
  "pk": 44,
  "fields": {
    "name": "Can view job offer type",
    "content_type": 11,
    "codename": "view_joboffertype"
  }
},
{
  "model": "auth.permission",
  "pk": 45,
  "fields": {
    "name": "Can add job offer application",
    "content_type": 12,
    "codename": "add_jobofferapplication"
  }
},
{
  "model": "auth.permission",
  "pk": 46,
  "fields": {
    "name": "Can change job offer application",
    "content_type": 12,
    "codename": "change_jobofferapplication"
  }
},
{
  "model": "auth.permission",
  "pk": 47,
  "fields": {
    "name": "Can delete job offer application",
    "content_type": 12,
    "codename": "delete_jobofferapplication"
  }
},
{
  "model": "auth.permission",
  "pk": 48,
  "fields": {
    "name": "Can view job offer application",
    "content_type": 12,
    "codename": "view_jobofferapplication"
  }
},
{
  "model": "auth.permission",
  "pk": 49,
  "fields": {
    "name": "Can add thread",
    "content_type": 13,
    "codename": "add_thread"
  }
},
{
  "model": "auth.permission",
  "pk": 50,
  "fields": {
    "name": "Can change thread",
    "content_type": 13,
    "codename": "change_thread"
  }
},
{
  "model": "auth.permission",
  "pk": 51,
  "fields": {
    "name": "Can delete thread",
    "content_type": 13,
    "codename": "delete_thread"
  }
},
{
  "model": "auth.permission",
  "pk": 52,
  "fields": {
    "name": "Can view thread",
    "content_type": 13,
    "codename": "view_thread"
  }
},
{
  "model": "auth.permission",
  "pk": 53,
  "fields": {
    "name": "Can add chat message",
    "content_type": 14,
    "codename": "add_chatmessage"
  }
},
{
  "model": "auth.permission",
  "pk": 54,
  "fields": {
    "name": "Can change chat message",
    "content_type": 14,
    "codename": "change_chatmessage"
  }
},
{
  "model": "auth.permission",
  "pk": 55,
  "fields": {
    "name": "Can delete chat message",
    "content_type": 14,
    "codename": "delete_chatmessage"
  }
},
{
  "model": "auth.permission",
  "pk": 56,
  "fields": {
    "name": "Can view chat message",
    "content_type": 14,
    "codename": "view_chatmessage"
  }
},
{
  "model": "auth.permission",
  "pk": 57,
  "fields": {
    "name": "Can add cv",
    "content_type": 15,
    "codename": "add_cv"
  }
},
{
  "model": "auth.permission",
  "pk": 58,
  "fields": {
    "name": "Can change cv",
    "content_type": 15,
    "codename": "change_cv"
  }
},
{
  "model": "auth.permission",
  "pk": 59,
  "fields": {
    "name": "Can delete cv",
    "content_type": 15,
    "codename": "delete_cv"
  }
},
{
  "model": "auth.permission",
  "pk": 60,
  "fields": {
    "name": "Can view cv",
    "content_type": 15,
    "codename": "view_cv"
  }
},
{
  "model": "auth.permission",
  "pk": 61,
  "fields": {
    "name": "Can add feedback",
    "content_type": 16,
    "codename": "add_feedback"
  }
},
{
  "model": "auth.permission",
  "pk": 62,
  "fields": {
    "name": "Can change feedback",
    "content_type": 16,
    "codename": "change_feedback"
  }
},
{
  "model": "auth.permission",
  "pk": 63,
  "fields": {
    "name": "Can delete feedback",
    "content_type": 16,
    "codename": "delete_feedback"
  }
},
{
  "model": "auth.permission",
  "pk": 64,
  "fields": {
    "name": "Can view feedback",
    "content_type": 16,
    "codename": "view_feedback"
  }
},
{
  "model": "auth.permission",
  "pk": 65,
  "fields": {
    "name": "Can add skill",
    "content_type": 17,
    "codename": "add_skill"
  }
},
{
  "model": "auth.permission",
  "pk": 66,
  "fields": {
    "name": "Can change skill",
    "content_type": 17,
    "codename": "change_skill"
  }
},
{
  "model": "auth.permission",
  "pk": 67,
  "fields": {
    "name": "Can delete skill",
    "content_type": 17,
    "codename": "delete_skill"
  }
},
{
  "model": "auth.permission",
  "pk": 68,
  "fields": {
    "name": "Can view skill",
    "content_type": 17,
    "codename": "view_skill"
  }
},
{
  "model": "auth.permission",
  "pk": 69,
  "fields": {
    "name": "Can add school",
    "content_type": 18,
    "codename": "add_school"
  }
},
{
  "model": "auth.permission",
  "pk": 70,
  "fields": {
    "name": "Can change school",
    "content_type": 18,
    "codename": "change_school"
  }
},
{
  "model": "auth.permission",
  "pk": 71,
  "fields": {
    "name": "Can delete school",
    "content_type": 18,
    "codename": "delete_school"
  }
},
{
  "model": "auth.permission",
  "pk": 72,
  "fields": {
    "name": "Can view school",
    "content_type": 18,
    "codename": "view_school"
  }
},
{
  "model": "auth.permission",
  "pk": 73,
  "fields": {
    "name": "Can add language",
    "content_type": 19,
    "codename": "add_language"
  }
},
{
  "model": "auth.permission",
  "pk": 74,
  "fields": {
    "name": "Can change language",
    "content_type": 19,
    "codename": "change_language"
  }
},
{
  "model": "auth.permission",
  "pk": 75,
  "fields": {
    "name": "Can delete language",
    "content_type": 19,
    "codename": "delete_language"
  }
},
{
  "model": "auth.permission",
  "pk": 76,
  "fields": {
    "name": "Can view language",
    "content_type": 19,
    "codename": "view_language"
  }
},
{
  "model": "auth.permission",
  "pk": 77,
  "fields": {
    "name": "Can add experience",
    "content_type": 20,
    "codename": "add_experience"
  }
},
{
  "model": "auth.permission",
  "pk": 78,
  "fields": {
    "name": "Can change experience",
    "content_type": 20,
    "codename": "change_experience"
  }
},
{
  "model": "auth.permission",
  "pk": 79,
  "fields": {
    "name": "Can delete experience",
    "content_type": 20,
    "codename": "delete_experience"
  }
},
{
  "model": "auth.permission",
  "pk": 80,
  "fields": {
    "name": "Can view experience",
    "content_type": 20,
    "codename": "view_experience"
  }
},
{
  "model": "auth.permission",
  "pk": 81,
  "fields": {
    "name": "Can add basic info",
    "content_type": 21,
    "codename": "add_basicinfo"
  }
},
{
  "model": "auth.permission",
  "pk": 82,
  "fields": {
    "name": "Can change basic info",
    "content_type": 21,
    "codename": "change_basicinfo"
  }
},
{
  "model": "auth.permission",
  "pk": 83,
  "fields": {
    "name": "Can delete basic info",
    "content_type": 21,
    "codename": "delete_basicinfo"
  }
},
{
  "model": "auth.permission",
  "pk": 84,
  "fields": {
    "name": "Can view basic info",
    "content_type": 21,
    "codename": "view_basicinfo"
  }
},
{
  "model": "auth.permission",
  "pk": 85,
  "fields": {
    "name": "Can add video category",
    "content_type": 22,
    "codename": "add_videocategory"
  }
},
{
  "model": "auth.permission",
  "pk": 86,
  "fields": {
    "name": "Can change video category",
    "content_type": 22,
    "codename": "change_videocategory"
  }
},
{
  "model": "auth.permission",
  "pk": 87,
  "fields": {
    "name": "Can delete video category",
    "content_type": 22,
    "codename": "delete_videocategory"
  }
},
{
  "model": "auth.permission",
  "pk": 88,
  "fields": {
    "name": "Can view video category",
    "content_type": 22,
    "codename": "view_videocategory"
  }
},
{
  "model": "auth.permission",
  "pk": 89,
  "fields": {
    "name": "Can add video",
    "content_type": 23,
    "codename": "add_video"
  }
},
{
  "model": "auth.permission",
  "pk": 90,
  "fields": {
    "name": "Can change video",
    "content_type": 23,
    "codename": "change_video"
  }
},
{
  "model": "auth.permission",
  "pk": 91,
  "fields": {
    "name": "Can delete video",
    "content_type": 23,
    "codename": "delete_video"
  }
},
{
  "model": "auth.permission",
  "pk": 92,
  "fields": {
    "name": "Can view video",
    "content_type": 23,
    "codename": "view_video"
  }
},
{
  "model": "auth.permission",
  "pk": 93,
  "fields": {
    "name": "Can add konto",
    "content_type": 24,
    "codename": "add_account"
  }
},
{
  "model": "auth.permission",
  "pk": 94,
  "fields": {
    "name": "Can change konto",
    "content_type": 24,
    "codename": "change_account"
  }
},
{
  "model": "auth.permission",
  "pk": 95,
  "fields": {
    "name": "Can delete konto",
    "content_type": 24,
    "codename": "delete_account"
  }
},
{
  "model": "auth.permission",
  "pk": 96,
  "fields": {
    "name": "Can view konto",
    "content_type": 24,
    "codename": "view_account"
  }
},
{
  "model": "auth.permission",
  "pk": 97,
  "fields": {
    "name": "Can add address",
    "content_type": 25,
    "codename": "add_address"
  }
},
{
  "model": "auth.permission",
  "pk": 98,
  "fields": {
    "name": "Can change address",
    "content_type": 25,
    "codename": "change_address"
  }
},
{
  "model": "auth.permission",
  "pk": 99,
  "fields": {
    "name": "Can delete address",
    "content_type": 25,
    "codename": "delete_address"
  }
},
{
  "model": "auth.permission",
  "pk": 100,
  "fields": {
    "name": "Can view address",
    "content_type": 25,
    "codename": "view_address"
  }
},
{
  "model": "auth.permission",
  "pk": 101,
  "fields": {
    "name": "Can add staff account",
    "content_type": 26,
    "codename": "add_staffaccount"
  }
},
{
  "model": "auth.permission",
  "pk": 102,
  "fields": {
    "name": "Can change staff account",
    "content_type": 26,
    "codename": "change_staffaccount"
  }
},
{
  "model": "auth.permission",
  "pk": 103,
  "fields": {
    "name": "Can delete staff account",
    "content_type": 26,
    "codename": "delete_staffaccount"
  }
},
{
  "model": "auth.permission",
  "pk": 104,
  "fields": {
    "name": "Can view staff account",
    "content_type": 26,
    "codename": "view_staffaccount"
  }
},
{
  "model": "auth.permission",
  "pk": 105,
  "fields": {
    "name": "Can add employer account",
    "content_type": 27,
    "codename": "add_employeraccount"
  }
},
{
  "model": "auth.permission",
  "pk": 106,
  "fields": {
    "name": "Can change employer account",
    "content_type": 27,
    "codename": "change_employeraccount"
  }
},
{
  "model": "auth.permission",
  "pk": 107,
  "fields": {
    "name": "Can delete employer account",
    "content_type": 27,
    "codename": "delete_employeraccount"
  }
},
{
  "model": "auth.permission",
  "pk": 108,
  "fields": {
    "name": "Can view employer account",
    "content_type": 27,
    "codename": "view_employeraccount"
  }
},
{
  "model": "auth.permission",
  "pk": 109,
  "fields": {
    "name": "Can add default account",
    "content_type": 28,
    "codename": "add_defaultaccount"
  }
},
{
  "model": "auth.permission",
  "pk": 110,
  "fields": {
    "name": "Can change default account",
    "content_type": 28,
    "codename": "change_defaultaccount"
  }
},
{
  "model": "auth.permission",
  "pk": 111,
  "fields": {
    "name": "Can delete default account",
    "content_type": 28,
    "codename": "delete_defaultaccount"
  }
},
{
  "model": "auth.permission",
  "pk": 112,
  "fields": {
    "name": "Can view default account",
    "content_type": 28,
    "codename": "view_defaultaccount"
  }
},
{
  "model": "auth.permission",
  "pk": 113,
  "fields": {
    "name": "Can add kategoria",
    "content_type": 29,
    "codename": "add_blogpostcategory"
  }
},
{
  "model": "auth.permission",
  "pk": 114,
  "fields": {
    "name": "Can change kategoria",
    "content_type": 29,
    "codename": "change_blogpostcategory"
  }
},
{
  "model": "auth.permission",
  "pk": 115,
  "fields": {
    "name": "Can delete kategoria",
    "content_type": 29,
    "codename": "delete_blogpostcategory"
  }
},
{
  "model": "auth.permission",
  "pk": 116,
  "fields": {
    "name": "Can view kategoria",
    "content_type": 29,
    "codename": "view_blogpostcategory"
  }
},
{
  "model": "auth.permission",
  "pk": 117,
  "fields": {
    "name": "Can add blog post reservation",
    "content_type": 30,
    "codename": "add_blogpostreservation"
  }
},
{
  "model": "auth.permission",
  "pk": 118,
  "fields": {
    "name": "Can change blog post reservation",
    "content_type": 30,
    "codename": "change_blogpostreservation"
  }
},
{
  "model": "auth.permission",
  "pk": 119,
  "fields": {
    "name": "Can delete blog post reservation",
    "content_type": 30,
    "codename": "delete_blogpostreservation"
  }
},
{
  "model": "auth.permission",
  "pk": 120,
  "fields": {
    "name": "Can view blog post reservation",
    "content_type": 30,
    "codename": "view_blogpostreservation"
  }
},
{
  "model": "auth.permission",
  "pk": 121,
  "fields": {
    "name": "Can add blog post tag",
    "content_type": 31,
    "codename": "add_blogposttag"
  }
},
{
  "model": "auth.permission",
  "pk": 122,
  "fields": {
    "name": "Can change blog post tag",
    "content_type": 31,
    "codename": "change_blogposttag"
  }
},
{
  "model": "auth.permission",
  "pk": 123,
  "fields": {
    "name": "Can delete blog post tag",
    "content_type": 31,
    "codename": "delete_blogposttag"
  }
},
{
  "model": "auth.permission",
  "pk": 124,
  "fields": {
    "name": "Can view blog post tag",
    "content_type": 31,
    "codename": "view_blogposttag"
  }
},
{
  "model": "auth.permission",
  "pk": 125,
  "fields": {
    "name": "Can add post",
    "content_type": 32,
    "codename": "add_blogpost"
  }
},
{
  "model": "auth.permission",
  "pk": 126,
  "fields": {
    "name": "Can change post",
    "content_type": 32,
    "codename": "change_blogpost"
  }
},
{
  "model": "auth.permission",
  "pk": 127,
  "fields": {
    "name": "Can delete post",
    "content_type": 32,
    "codename": "delete_blogpost"
  }
},
{
  "model": "auth.permission",
  "pk": 128,
  "fields": {
    "name": "Can view post",
    "content_type": 32,
    "codename": "view_blogpost"
  }
},
{
  "model": "auth.permission",
  "pk": 129,
  "fields": {
    "name": "Can add za\u0142\u0105cznik",
    "content_type": 33,
    "codename": "add_blogpostattachment"
  }
},
{
  "model": "auth.permission",
  "pk": 130,
  "fields": {
    "name": "Can change za\u0142\u0105cznik",
    "content_type": 33,
    "codename": "change_blogpostattachment"
  }
},
{
  "model": "auth.permission",
  "pk": 131,
  "fields": {
    "name": "Can delete za\u0142\u0105cznik",
    "content_type": 33,
    "codename": "delete_blogpostattachment"
  }
},
{
  "model": "auth.permission",
  "pk": 132,
  "fields": {
    "name": "Can view za\u0142\u0105cznik",
    "content_type": 33,
    "codename": "view_blogpostattachment"
  }
},
{
  "model": "auth.permission",
  "pk": 133,
  "fields": {
    "name": "Can add nag\u0142\u00f3wek posta",
    "content_type": 34,
    "codename": "add_blogpostheader"
  }
},
{
  "model": "auth.permission",
  "pk": 134,
  "fields": {
    "name": "Can change nag\u0142\u00f3wek posta",
    "content_type": 34,
    "codename": "change_blogpostheader"
  }
},
{
  "model": "auth.permission",
  "pk": 135,
  "fields": {
    "name": "Can delete nag\u0142\u00f3wek posta",
    "content_type": 34,
    "codename": "delete_blogpostheader"
  }
},
{
  "model": "auth.permission",
  "pk": 136,
  "fields": {
    "name": "Can view nag\u0142\u00f3wek posta",
    "content_type": 34,
    "codename": "view_blogpostheader"
  }
},
{
  "model": "auth.permission",
  "pk": 137,
  "fields": {
    "name": "Can add komentarz",
    "content_type": 35,
    "codename": "add_blogpostcomment"
  }
},
{
  "model": "auth.permission",
  "pk": 138,
  "fields": {
    "name": "Can change komentarz",
    "content_type": 35,
    "codename": "change_blogpostcomment"
  }
},
{
  "model": "auth.permission",
  "pk": 139,
  "fields": {
    "name": "Can delete komentarz",
    "content_type": 35,
    "codename": "delete_blogpostcomment"
  }
},
{
  "model": "auth.permission",
  "pk": 140,
  "fields": {
    "name": "Can view komentarz",
    "content_type": 35,
    "codename": "view_blogpostcomment"
  }
},
{
  "model": "auth.permission",
  "pk": 141,
  "fields": {
    "name": "Can add phone contact",
    "content_type": 36,
    "codename": "add_phonecontact"
  }
},
{
  "model": "auth.permission",
  "pk": 142,
  "fields": {
    "name": "Can change phone contact",
    "content_type": 36,
    "codename": "change_phonecontact"
  }
},
{
  "model": "auth.permission",
  "pk": 143,
  "fields": {
    "name": "Can delete phone contact",
    "content_type": 36,
    "codename": "delete_phonecontact"
  }
},
{
  "model": "auth.permission",
  "pk": 144,
  "fields": {
    "name": "Can view phone contact",
    "content_type": 36,
    "codename": "view_phonecontact"
  }
},
{
  "model": "auth.permission",
  "pk": 145,
  "fields": {
    "name": "Can add step",
    "content_type": 37,
    "codename": "add_step"
  }
},
{
  "model": "auth.permission",
  "pk": 146,
  "fields": {
    "name": "Can change step",
    "content_type": 37,
    "codename": "change_step"
  }
},
{
  "model": "auth.permission",
  "pk": 147,
  "fields": {
    "name": "Can delete step",
    "content_type": 37,
    "codename": "delete_step"
  }
},
{
  "model": "auth.permission",
  "pk": 148,
  "fields": {
    "name": "Can view step",
    "content_type": 37,
    "codename": "view_step"
  }
},
{
  "model": "auth.permission",
  "pk": 149,
  "fields": {
    "name": "Can add root",
    "content_type": 38,
    "codename": "add_root"
  }
},
{
  "model": "auth.permission",
  "pk": 150,
  "fields": {
    "name": "Can change root",
    "content_type": 38,
    "codename": "change_root"
  }
},
{
  "model": "auth.permission",
  "pk": 151,
  "fields": {
    "name": "Can delete root",
    "content_type": 38,
    "codename": "delete_root"
  }
},
{
  "model": "auth.permission",
  "pk": 152,
  "fields": {
    "name": "Can view root",
    "content_type": 38,
    "codename": "view_root"
  }
},
{
  "model": "auth.permission",
  "pk": 153,
  "fields": {
    "name": "Can add user perspective",
    "content_type": 39,
    "codename": "add_userperspective"
  }
},
{
  "model": "auth.permission",
  "pk": 154,
  "fields": {
    "name": "Can change user perspective",
    "content_type": 39,
    "codename": "change_userperspective"
  }
},
{
  "model": "auth.permission",
  "pk": 155,
  "fields": {
    "name": "Can delete user perspective",
    "content_type": 39,
    "codename": "delete_userperspective"
  }
},
{
  "model": "auth.permission",
  "pk": 156,
  "fields": {
    "name": "Can view user perspective",
    "content_type": 39,
    "codename": "view_userperspective"
  }
},
{
  "model": "auth.permission",
  "pk": 157,
  "fields": {
    "name": "Can add sub step",
    "content_type": 40,
    "codename": "add_substep"
  }
},
{
  "model": "auth.permission",
  "pk": 158,
  "fields": {
    "name": "Can change sub step",
    "content_type": 40,
    "codename": "change_substep"
  }
},
{
  "model": "auth.permission",
  "pk": 159,
  "fields": {
    "name": "Can delete sub step",
    "content_type": 40,
    "codename": "delete_substep"
  }
},
{
  "model": "auth.permission",
  "pk": 160,
  "fields": {
    "name": "Can view sub step",
    "content_type": 40,
    "codename": "view_substep"
  }
},
{
  "model": "auth.permission",
  "pk": 161,
  "fields": {
    "name": "Can add notification",
    "content_type": 41,
    "codename": "add_notification"
  }
},
{
  "model": "auth.permission",
  "pk": 162,
  "fields": {
    "name": "Can change notification",
    "content_type": 41,
    "codename": "change_notification"
  }
},
{
  "model": "auth.permission",
  "pk": 163,
  "fields": {
    "name": "Can delete notification",
    "content_type": 41,
    "codename": "delete_notification"
  }
},
{
  "model": "auth.permission",
  "pk": 164,
  "fields": {
    "name": "Can view notification",
    "content_type": 41,
    "codename": "view_notification"
  }
},
{
  "model": "auth.permission",
  "pk": 165,
  "fields": {
    "name": "Can add Password Reset Token",
    "content_type": 42,
    "codename": "add_resetpasswordtoken"
  }
},
{
  "model": "auth.permission",
  "pk": 166,
  "fields": {
    "name": "Can change Password Reset Token",
    "content_type": 42,
    "codename": "change_resetpasswordtoken"
  }
},
{
  "model": "auth.permission",
  "pk": 167,
  "fields": {
    "name": "Can delete Password Reset Token",
    "content_type": 42,
    "codename": "delete_resetpasswordtoken"
  }
},
{
  "model": "auth.permission",
  "pk": 168,
  "fields": {
    "name": "Can view Password Reset Token",
    "content_type": 42,
    "codename": "view_resetpasswordtoken"
  }
},
{
  "model": "auth.permission",
  "pk": 169,
  "fields": {
    "name": "Can add auth token",
    "content_type": 43,
    "codename": "add_authtoken"
  }
},
{
  "model": "auth.permission",
  "pk": 170,
  "fields": {
    "name": "Can change auth token",
    "content_type": 43,
    "codename": "change_authtoken"
  }
},
{
  "model": "auth.permission",
  "pk": 171,
  "fields": {
    "name": "Can delete auth token",
    "content_type": 43,
    "codename": "delete_authtoken"
  }
},
{
  "model": "auth.permission",
  "pk": 172,
  "fields": {
    "name": "Can view auth token",
    "content_type": 43,
    "codename": "view_authtoken"
  }
},
{
  "model": "auth.group",
  "pk": 1,
  "fields": {
    "name": "staff_verification",
    "permissions": []
  }
},
{
  "model": "auth.group",
  "pk": 2,
  "fields": {
    "name": "staff_cv",
    "permissions": []
  }
},
{
  "model": "auth.group",
  "pk": 3,
  "fields": {
    "name": "staff_jobs",
    "permissions": []
  }
},
{
  "model": "auth.group",
  "pk": 4,
  "fields": {
    "name": "staff_blog_creator",
    "permissions": []
  }
},
{
  "model": "auth.group",
  "pk": 5,
  "fields": {
    "name": "staff_blog_moderator",
    "permissions": []
  }
},
{
  "model": "auth.group",
  "pk": 6,
  "fields": {
    "name": "staff_chat_access",
    "permissions": []
  }
},
{
  "model": "account.account",
  "pk": "02cf43c6-7e60-4c55-b41e-303adf193980",
  "fields": {
    "password": "pbkdf2_sha256$150000$ZNmA9PRjt3NP$/ACBRtn3+hThDU4/xviStLxxAv0VFGr4/51L3rgYyDk=",
    "email": "standard7@standard7.com",
    "username": "standard7",
    "first_name": "standard7",
    "last_name": "standard7",
    "date_joined": "2020-04-26T20:13:46.397Z",
    "last_login": "2020-04-26T20:13:46.397Z",
    "profile_picture": "",
    "is_active": true,
    "is_admin": false,
    "is_staff": false,
    "is_superuser": false,
    "status": 2,
    "type": 1,
    "groups": [],
    "user_permissions": []
  }
},
{
  "model": "account.account",
  "pk": "03c92316-45e5-4ca2-b309-b028609c295b",
  "fields": {
    "password": "pbkdf2_sha256$150000$wYoykOilwmty$1lP+egWDQlmPEL8aPUcActHyqjg04DW4U3nOlyBv4Cw=",
    "email": "staff4@staff4.com",
    "username": "staff4",
    "first_name": "staff4",
    "last_name": "staff4",
    "date_joined": "2020-04-04T11:08:06.925Z",
    "last_login": "2020-04-26T20:09:51.576Z",
    "profile_picture": "",
    "is_active": true,
    "is_admin": false,
    "is_staff": false,
    "is_superuser": false,
    "status": 1,
    "type": 2,
    "groups": [
      4
    ],
    "user_permissions": []
  }
},
{
  "model": "account.account",
  "pk": "04c114a7-794c-4bc8-b3c4-0704b8e35933",
  "fields": {
    "password": "pbkdf2_sha256$150000$uKCukXE8pfYQ$vqsUlVrWmGWw+H4NVMs1KoGRcZaPOiAifd2xIuEuKaw=",
    "email": "standard4@standard4.com",
    "username": "standard4",
    "first_name": "standard4",
    "last_name": "standard4",
    "date_joined": "2020-04-04T11:16:57.880Z",
    "last_login": "2020-04-26T20:09:51.585Z",
    "profile_picture": "",
    "is_active": true,
    "is_admin": false,
    "is_staff": false,
    "is_superuser": false,
    "status": 2,
    "type": 1,
    "groups": [],
    "user_permissions": []
  }
},
{
  "model": "account.account",
  "pk": "110d18d2-acbd-4ab6-b876-cae8e7e0c554",
  "fields": {
    "password": "pbkdf2_sha256$150000$4Zpc83V0gss7$OKto8cbyyYn8FnZzdvn9xhb9ARPpTU1iToI9W49zWYA=",
    "email": "employer2@employer2.com",
    "username": "employer2",
    "first_name": "employer2",
    "last_name": "employer2",
    "date_joined": "2020-04-04T11:22:28.580Z",
    "last_login": "2020-04-26T20:09:51.589Z",
    "profile_picture": "",
    "is_active": true,
    "is_admin": false,
    "is_staff": false,
    "is_superuser": false,
    "status": 1,
    "type": 3,
    "groups": [],
    "user_permissions": []
  }
},
{
  "model": "account.account",
  "pk": "146e830b-4334-46e1-a693-0afc10ef7a24",
  "fields": {
    "password": "pbkdf2_sha256$150000$TrH6n3Tf1xMX$R5BruijiN6Ynk5bXVolpso/KcdPjghRrK4nE3faxwyo=",
    "email": "staff1@staff1.com",
    "username": "staff1",
    "first_name": "staff1",
    "last_name": "staff1",
    "date_joined": "2020-04-04T11:04:26.287Z",
    "last_login": "2020-05-25T14:56:28.850Z",
    "profile_picture": "",
    "is_active": true,
    "is_admin": false,
    "is_staff": false,
    "is_superuser": false,
    "status": 1,
    "type": 2,
    "groups": [
      1
    ],
    "user_permissions": []
  }
},
{
  "model": "account.account",
  "pk": "21c76b96-9ca3-46c1-b373-139e3b9d9632",
  "fields": {
    "password": "pbkdf2_sha256$150000$5MLieOgWwUTb$QfsecaZZdiGKYp+qc4Uc3qqubwjDGPSL5wWN7bHxh/g=",
    "email": "staff6@staff6.com",
    "username": "staff6",
    "first_name": "staff6",
    "last_name": "staff",
    "date_joined": "2020-05-25T14:57:21.077Z",
    "last_login": "2020-05-25T14:57:21.374Z",
    "profile_picture": "",
    "is_active": true,
    "is_admin": false,
    "is_staff": false,
    "is_superuser": false,
    "status": 1,
    "type": 2,
    "groups": [
      6
    ],
    "user_permissions": []
  }
},
{
  "model": "account.account",
  "pk": "32b48ba4-0215-4944-81e9-1712da9f09b8",
  "fields": {
    "password": "pbkdf2_sha256$150000$ys6KQ1q0hR6Q$556al1dJoW75SsoEMUVfLA4T9+fi3yD2LbmGd4z+Nv0=",
    "email": "staffsuper@staffsuper.com",
    "username": "staff_super",
    "first_name": "staff_super",
    "last_name": "staff_super",
    "date_joined": "2020-04-26T20:16:47.806Z",
    "last_login": "2020-05-24T13:34:04.703Z",
    "profile_picture": "",
    "is_active": true,
    "is_admin": false,
    "is_staff": false,
    "is_superuser": false,
    "status": 1,
    "type": 2,
    "groups": [
      1,
      2,
      3,
      4,
      5
    ],
    "user_permissions": []
  }
},
{
  "model": "account.account",
  "pk": "36424e16-1b59-4fc3-87b5-c0207c5e8a10",
  "fields": {
    "password": "pbkdf2_sha256$150000$AQY1FxjuSn5I$3hlzOzHvsxPV6IOguOjezDz/hfCkplH/EN55J4GBz78=",
    "email": "staff2@staff2.com",
    "username": "staff2",
    "first_name": "staff2",
    "last_name": "staff2",
    "date_joined": "2020-04-04T11:04:33.398Z",
    "last_login": "2020-04-26T20:09:51.596Z",
    "profile_picture": "",
    "is_active": true,
    "is_admin": false,
    "is_staff": false,
    "is_superuser": false,
    "status": 1,
    "type": 2,
    "groups": [
      2
    ],
    "user_permissions": []
  }
},
{
  "model": "account.account",
  "pk": "386ec47f-b261-41dd-95c7-b5d9f8fe7cd6",
  "fields": {
    "password": "pbkdf2_sha256$150000$5OEFKgwRoiO0$QkRl8V0ThsfJYocQZOD+PhmtyXLTepotxaMBnuPY9RI=",
    "email": "standard3@standard3.com",
    "username": "standard3",
    "first_name": "standard3",
    "last_name": "standard3",
    "date_joined": "2020-04-04T11:14:46.169Z",
    "last_login": "2020-04-26T20:09:51.601Z",
    "profile_picture": "",
    "is_active": true,
    "is_admin": false,
    "is_staff": false,
    "is_superuser": false,
    "status": 3,
    "type": 1,
    "groups": [],
    "user_permissions": []
  }
},
{
  "model": "account.account",
  "pk": "51b91011-6707-4218-8441-d1da38aaed0b",
  "fields": {
    "password": "pbkdf2_sha256$150000$1IDoObFI1jJ6$GmNNxiDf16Qv1fdwe4elDtGEWc2XABhGnJtI6Hd7pRs=",
    "email": "standard6@standard6.com",
    "username": "standard6",
    "first_name": "standard6",
    "last_name": "standard6",
    "date_joined": "2020-04-26T20:13:09.111Z",
    "last_login": "2020-04-26T20:13:09.111Z",
    "profile_picture": "",
    "is_active": true,
    "is_admin": false,
    "is_staff": false,
    "is_superuser": false,
    "status": 2,
    "type": 1,
    "groups": [],
    "user_permissions": []
  }
},
{
  "model": "account.account",
  "pk": "5bd8034d-21b7-46ff-b293-d67de1ff9d65",
  "fields": {
    "password": "pbkdf2_sha256$150000$8LjqVDIhPywQ$9r/KZ7eDsguND03HaHPBKJNwBNQ5tJRBwgoBQEZl5pI=",
    "email": "standard8@standard8.com",
    "username": "standard8",
    "first_name": "standard8",
    "last_name": "standard8",
    "date_joined": "2020-04-26T20:14:27.880Z",
    "last_login": "2020-04-26T20:14:27.880Z",
    "profile_picture": "",
    "is_active": true,
    "is_admin": false,
    "is_staff": false,
    "is_superuser": false,
    "status": 2,
    "type": 1,
    "groups": [],
    "user_permissions": []
  }
},
{
  "model": "account.account",
  "pk": "6d09179f-016a-446d-92c4-1e62970c0b31",
  "fields": {
    "password": "pbkdf2_sha256$150000$iGyiJQAmitk9$ASQItcEG2OruCA37PKCXhYUdlbjPv44V8xPxVzFsZ/M=",
    "email": "employer2@employer3.com",
    "username": "employer3",
    "first_name": "employer3",
    "last_name": "employer3",
    "date_joined": "2020-04-04T11:23:53.146Z",
    "last_login": "2020-04-26T20:09:51.604Z",
    "profile_picture": "",
    "is_active": true,
    "is_admin": false,
    "is_staff": false,
    "is_superuser": false,
    "status": 2,
    "type": 3,
    "groups": [],
    "user_permissions": []
  }
},
{
  "model": "account.account",
  "pk": "7bed0cc6-4c95-4b00-9f65-1886c6775d16",
  "fields": {
    "password": "pbkdf2_sha256$150000$LU1f1lW59nh2$X0H2RjM0ytMuh24xSv/TL/INBTFCzK45yAPY6p9ErPU=",
    "email": "employer4@employer4.com",
    "username": "employer4",
    "first_name": "employer4",
    "last_name": "employer4",
    "date_joined": "2020-04-26T20:19:38.297Z",
    "last_login": "2020-04-26T20:19:38.297Z",
    "profile_picture": "",
    "is_active": true,
    "is_admin": false,
    "is_staff": false,
    "is_superuser": false,
    "status": 2,
    "type": 3,
    "groups": [],
    "user_permissions": []
  }
},
{
  "model": "account.account",
  "pk": "8b58d6b2-51d1-4fb7-9c36-7bfc5f46f75d",
  "fields": {
    "password": "pbkdf2_sha256$150000$BWYVwSyYINaE$pG/EWCE7IhkuNBRPzBg7olbecOGPZbx6Qg1z3Kzlejs=",
    "email": "standard2@standard2.com",
    "username": "standard2",
    "first_name": "standard2",
    "last_name": "standard2",
    "date_joined": "2020-04-04T11:04:18.233Z",
    "last_login": "2020-04-26T20:09:51.608Z",
    "profile_picture": "",
    "is_active": true,
    "is_admin": false,
    "is_staff": false,
    "is_superuser": false,
    "status": 1,
    "type": 1,
    "groups": [],
    "user_permissions": []
  }
},
{
  "model": "account.account",
  "pk": "8d3830f4-0415-405d-90b8-78754193ebeb",
  "fields": {
    "password": "pbkdf2_sha256$150000$8XaZCjmSfiYK$vv1edNxbsg8XdbxW4t5Pmb2YbKe954AdfwbxCb32nhg=",
    "email": "staff5@staff5.com",
    "username": "staff5",
    "first_name": "staff5",
    "last_name": "staff5",
    "date_joined": "2020-04-04T11:08:42.279Z",
    "last_login": "2020-04-26T20:09:51.610Z",
    "profile_picture": "",
    "is_active": true,
    "is_admin": false,
    "is_staff": false,
    "is_superuser": false,
    "status": 1,
    "type": 2,
    "groups": [
      5
    ],
    "user_permissions": []
  }
},
{
  "model": "account.account",
  "pk": "96b7ea64-abc0-42b7-9844-69b30cb4ae37",
  "fields": {
    "password": "pbkdf2_sha256$150000$S3TjMn7eJm7V$sltBwhXrdMnzWejncNWoHaKgKLnapV7ASEY1eDqa6bc=",
    "email": "employer5@employer5.com",
    "username": "employer5",
    "first_name": "employer5",
    "last_name": "employer5",
    "date_joined": "2020-04-26T20:20:47.159Z",
    "last_login": "2020-04-26T20:20:47.159Z",
    "profile_picture": "",
    "is_active": true,
    "is_admin": false,
    "is_staff": false,
    "is_superuser": false,
    "status": 2,
    "type": 3,
    "groups": [],
    "user_permissions": []
  }
},
{
  "model": "account.account",
  "pk": "b582b042-d6d8-4e57-9447-564a6748b4f7",
  "fields": {
    "password": "pbkdf2_sha256$150000$SycmLRIEv3k2$XQX+U5K7bfF9EHZ0c5KK3/+xj5Y4xjXIlyDsfIrhTCU=",
    "email": "standard1@standard1.com",
    "username": "standard1",
    "first_name": "standard1",
    "last_name": "standard1",
    "date_joined": "2020-04-04T11:04:09.640Z",
    "last_login": "2020-04-26T20:09:51.615Z",
    "profile_picture": "",
    "is_active": true,
    "is_admin": false,
    "is_staff": false,
    "is_superuser": false,
    "status": 1,
    "type": 1,
    "groups": [],
    "user_permissions": []
  }
},
{
  "model": "account.account",
  "pk": "c5ac4f78-7972-4de3-88e7-76bb3515de92",
  "fields": {
    "password": "pbkdf2_sha256$150000$Ly1qz3aZ6w1e$JeEERKFHaKAtsLL0kv8yNtPwOmtx93srXon2xgxqq5s=",
    "email": "staff3@staff3.com",
    "username": "staff3",
    "first_name": "staff3",
    "last_name": "staff3",
    "date_joined": "2020-04-04T11:04:36.666Z",
    "last_login": "2020-04-26T20:09:51.618Z",
    "profile_picture": "",
    "is_active": true,
    "is_admin": false,
    "is_staff": false,
    "is_superuser": false,
    "status": 1,
    "type": 2,
    "groups": [
      3
    ],
    "user_permissions": []
  }
},
{
  "model": "account.account",
  "pk": "e436732b-3e30-4f64-94d2-16751421f9c9",
  "fields": {
    "password": "pbkdf2_sha256$150000$LHnzkwIOvc3q$mr8+gYcsmC4SClMVZFpgrUkCsj599dxPQd5mrzranJk=",
    "email": "staff7@staff7.com",
    "username": "staff7",
    "first_name": "staff7",
    "last_name": "staff7",
    "date_joined": "2020-05-25T14:56:52.586Z",
    "last_login": "2020-05-25T14:56:52.895Z",
    "profile_picture": "",
    "is_active": true,
    "is_admin": false,
    "is_staff": false,
    "is_superuser": false,
    "status": 1,
    "type": 2,
    "groups": [
      6,
      1
    ],
    "user_permissions": []
  }
},
{
  "model": "account.account",
  "pk": "f3939bf9-dfd8-4cd5-8d38-bd848119dd1f",
  "fields": {
    "password": "pbkdf2_sha256$150000$oi2ixWhPMgcH$jSykf7I6owoLbGJfAgojWhlYFl0gpAcIxRHquwZ6apY=",
    "email": "standard5@standard5.com",
    "username": "standard5",
    "first_name": "standard5",
    "last_name": "standard5",
    "date_joined": "2020-04-04T11:17:19.957Z",
    "last_login": "2020-04-26T20:09:51.623Z",
    "profile_picture": "",
    "is_active": true,
    "is_admin": false,
    "is_staff": false,
    "is_superuser": false,
    "status": 2,
    "type": 1,
    "groups": [],
    "user_permissions": []
  }
},
{
  "model": "account.account",
  "pk": "fe2c0fca-91a1-437d-846e-7fa6fe6e87ed",
  "fields": {
    "password": "pbkdf2_sha256$150000$C1oFo0zPjUJS$zRYKJ+mavfqa3VEssjLsKmLE2FDWFzsk93npK6TM5PM=",
    "email": "employer1@employer1.com",
    "username": "employer1",
    "first_name": "employer1",
    "last_name": "employer1",
    "date_joined": "2020-04-04T11:21:19.023Z",
    "last_login": "2020-05-24T13:44:53.870Z",
    "profile_picture": "",
    "is_active": true,
    "is_admin": false,
    "is_staff": false,
    "is_superuser": false,
    "status": 1,
    "type": 3,
    "groups": [],
    "user_permissions": []
  }
},
{
  "model": "account.defaultaccount",
  "pk": 1,
  "fields": {
    "user": "b582b042-d6d8-4e57-9447-564a6748b4f7",
    "phone_number": "+48123456789",
    "facility_name": "standard1",
    "facility_address": 1
  }
},
{
  "model": "account.defaultaccount",
  "pk": 2,
  "fields": {
    "user": "8b58d6b2-51d1-4fb7-9c36-7bfc5f46f75d",
    "phone_number": "+48123456788",
    "facility_name": "standard2",
    "facility_address": 2
  }
},
{
  "model": "account.defaultaccount",
  "pk": 3,
  "fields": {
    "user": "386ec47f-b261-41dd-95c7-b5d9f8fe7cd6",
    "phone_number": "+48123336788",
    "facility_name": "standard3",
    "facility_address": 3
  }
},
{
  "model": "account.defaultaccount",
  "pk": 4,
  "fields": {
    "user": "04c114a7-794c-4bc8-b3c4-0704b8e35933",
    "phone_number": "+48223336788",
    "facility_name": "standard4",
    "facility_address": 4
  }
},
{
  "model": "account.defaultaccount",
  "pk": 5,
  "fields": {
    "user": "f3939bf9-dfd8-4cd5-8d38-bd848119dd1f",
    "phone_number": "+48223336555",
    "facility_name": "standard5",
    "facility_address": 5
  }
},
{
  "model": "account.defaultaccount",
  "pk": 6,
  "fields": {
    "user": "51b91011-6707-4218-8441-d1da38aaed0b",
    "phone_number": "+48123556789",
    "facility_name": "standard6",
    "facility_address": 9
  }
},
{
  "model": "account.defaultaccount",
  "pk": 7,
  "fields": {
    "user": "02cf43c6-7e60-4c55-b41e-303adf193980",
    "phone_number": "+48173556789",
    "facility_name": "standard7",
    "facility_address": 10
  }
},
{
  "model": "account.defaultaccount",
  "pk": 8,
  "fields": {
    "user": "5bd8034d-21b7-46ff-b293-d67de1ff9d65",
    "phone_number": "+48173556889",
    "facility_name": "standard8",
    "facility_address": 11
  }
},
{
  "model": "account.employeraccount",
  "pk": 1,
  "fields": {
    "user": "fe2c0fca-91a1-437d-846e-7fa6fe6e87ed",
    "phone_number": "+48122226787",
    "company_name": "employer1",
    "company_address": 6,
    "nip": "7251801126"
  }
},
{
  "model": "account.employeraccount",
  "pk": 2,
  "fields": {
    "user": "110d18d2-acbd-4ab6-b876-cae8e7e0c554",
    "phone_number": "+48122226227",
    "company_name": "employer2",
    "company_address": 7,
    "nip": "5842751979"
  }
},
{
  "model": "account.employeraccount",
  "pk": 3,
  "fields": {
    "user": "6d09179f-016a-446d-92c4-1e62970c0b31",
    "phone_number": "+48122226233",
    "company_name": "employer3",
    "company_address": 8,
    "nip": "8512624854"
  }
},
{
  "model": "account.employeraccount",
  "pk": 4,
  "fields": {
    "user": "7bed0cc6-4c95-4b00-9f65-1886c6775d16",
    "phone_number": "+48127223233",
    "company_name": "employer4",
    "company_address": 12,
    "nip": "1123862018"
  }
},
{
  "model": "account.employeraccount",
  "pk": 5,
  "fields": {
    "user": "96b7ea64-abc0-42b7-9844-69b30cb4ae37",
    "phone_number": "+48127253233",
    "company_name": "employer5",
    "company_address": 13,
    "nip": "8233582855"
  }
},
{
  "model": "account.staffaccount",
  "pk": 1,
  "fields": {
    "user": "146e830b-4334-46e1-a693-0afc10ef7a24",
    "role": null
  }
},
{
  "model": "account.staffaccount",
  "pk": 2,
  "fields": {
    "user": "36424e16-1b59-4fc3-87b5-c0207c5e8a10",
    "role": null
  }
},
{
  "model": "account.staffaccount",
  "pk": 3,
  "fields": {
    "user": "c5ac4f78-7972-4de3-88e7-76bb3515de92",
    "role": null
  }
},
{
  "model": "account.staffaccount",
  "pk": 4,
  "fields": {
    "user": "03c92316-45e5-4ca2-b309-b028609c295b",
    "role": null
  }
},
{
  "model": "account.staffaccount",
  "pk": 5,
  "fields": {
    "user": "8d3830f4-0415-405d-90b8-78754193ebeb",
    "role": null
  }
},
{
  "model": "account.staffaccount",
  "pk": 6,
  "fields": {
    "user": "32b48ba4-0215-4944-81e9-1712da9f09b8",
    "role": null
  }
},
{
  "model": "account.staffaccount",
  "pk": 7,
  "fields": {
    "user": "e436732b-3e30-4f64-94d2-16751421f9c9",
    "role": "Weryfikacja u\u017cytkownik\u00f3w"
  }
},
{
  "model": "account.staffaccount",
  "pk": 8,
  "fields": {
    "user": "21c76b96-9ca3-46c1-b373-139e3b9d9632",
    "role": "Psycholog"
  }
}
]
